Unnamed: 0,name,ID,File #,Action Date,Title,Vote,Meeting Body,category,scorer_field,score,affordable_housing_development_score,tenant_protections_score,homelessness_and_supportive_housing_score,faster_permitting_process_and_bureaucracy_score,land_use_and_zoning_reform_score
1,Myrna_Melgar,1,230701.0,2023-10-30,"Ordinance amending the Planning Code to 1) permit additional commercial, retail, and restaurant uses on the ground floor in certain neighborhood commercial districts (NCDs) and residential districts; 2) principally permit Flexible Retail on the ground floor in NCDs and Chinatown mixed use districts; 3) principally permit Retail Professional Services uses on all floors and conditionally permit Non-Retail Professional Services on the ground floor in specified NCDs; 4) create regulations for music entertainment venues and non-profit theaters distinct from regulations for Bars; 5) allow Limited Co",Aye,Land Use and Transportation Committee,Land Use and Zoning Reforms,"""Land Use and Zoning Reforms"", ""Aye"", ""Ordinance amending the Planning Code to 1) permit additional commercial, retail, and restaurant uses on the ground floor in certain neighborhood commercial districts (NCDs) and residential districts; 2) principally permit Flexible Retail on the ground floor in NCDs and Chinatown mixed use districts; 3) principally permit Retail Professional Services uses on all floors and conditionally permit Non-Retail Professional Services on the ground floor in specified NCDs; 4) create regulations for music entertainment venues and non-profit theaters distinct from regulations for Bars; 5) allow Limited Co""",0.6,,,,,0.6
2,Myrna_Melgar,2,230701.0,2023-10-30,"Ordinance amending the Planning Code to 1) permit additional commercial, retail, and restaurant uses on the ground floor in certain neighborhood commercial districts (NCDs) and residential districts; 2) principally permit Flexible Retail on the ground floor in NCDs and Chinatown mixed use districts; 3) principally permit Retail Professional Services uses on all floors and conditionally permit Non-Retail Professional Services on the ground floor in specified NCDs; 4) create regulations for music entertainment venues and non-profit theaters distinct from regulations for Bars; 5) allow Limited Co",Aye,Land Use and Transportation Committee,Land Use and Zoning Reforms,"""Land Use and Zoning Reforms"", ""Aye"", ""Ordinance amending the Planning Code to 1) permit additional commercial, retail, and restaurant uses on the ground floor in certain neighborhood commercial districts (NCDs) and residential districts; 2) principally permit Flexible Retail on the ground floor in NCDs and Chinatown mixed use districts; 3) principally permit Retail Professional Services uses on all floors and conditionally permit Non-Retail Professional Services on the ground floor in specified NCDs; 4) create regulations for music entertainment venues and non-profit theaters distinct from regulations for Bars; 5) allow Limited Co""",0.6,,,,,0.6
3,Myrna_Melgar,3,230505.0,2023-10-30,"Ordinance amending the Planning Code to create the Wawona Street and 45th Avenue Cultural Center Special Use District (Assessor’s Parcel Block No. 2513, Lot No. 026) to facilitate the redevelopment of a cultural center; amending the Zoning Map to show the Wawona Street and 45th Avenue Cultural Center Special Use District; amending the Local Coastal Program to add the Wawona Street and 45th Avenue Cultural Center Special Use District, subject to certification by the California Coastal Commission; affirming the Planning Department’s determination under the California Environmental Quality Act; a",Aye,Land Use and Transportation Committee,Land Use and Zoning Reforms,"""Land Use and Zoning Reforms"", ""Aye"", ""Ordinance amending the Planning Code to create the Wawona Street and 45th Avenue Cultural Center Special Use District (Assessor’s Parcel Block No. 2513, Lot No. 026) to facilitate the redevelopment of a cultural center; amending the Zoning Map to show the Wawona Street and 45th Avenue Cultural Center Special Use District; amending the Local Coastal Program to add the Wawona Street and 45th Avenue Cultural Center Special Use District, subject to certification by the California Coastal Commission; affirming the Planning Department’s determination under the California Environmental Quality Act; a""",0.6,,,,,0.6
4,Myrna_Melgar,4,230505.0,2023-10-30,"Ordinance amending the Planning Code to create the Wawona Street and 45th Avenue Cultural Center Special Use District (Assessor’s Parcel Block No. 2513, Lot No. 026) to facilitate the redevelopment of a cultural center; amending the Zoning Map to show the Wawona Street and 45th Avenue Cultural Center Special Use District; amending the Local Coastal Program to add the Wawona Street and 45th Avenue Cultural Center Special Use District, subject to certification by the California Coastal Commission; affirming the Planning Department’s determination under the California Environmental Quality Act; a",Aye,Land Use and Transportation Committee,Land Use and Zoning Reforms,"""Land Use and Zoning Reforms"", ""Aye"", ""Ordinance amending the Planning Code to create the Wawona Street and 45th Avenue Cultural Center Special Use District (Assessor’s Parcel Block No. 2513, Lot No. 026) to facilitate the redevelopment of a cultural center; amending the Zoning Map to show the Wawona Street and 45th Avenue Cultural Center Special Use District; amending the Local Coastal Program to add the Wawona Street and 45th Avenue Cultural Center Special Use District, subject to certification by the California Coastal Commission; affirming the Planning Department’s determination under the California Environmental Quality Act; a""",0.6,,,,,0.6
5,Myrna_Melgar,5,230768.0,2023-10-30,"Ordinance amending the Public Works Code to streamline and authorize the approval of certain neighborhood amenities, also known as Love Our Neighborhoods Projects, in sidewalks and other public right-of-ways within the Department of Public Works’ jurisdiction, to reduce fees for certain minor encroachment permits, to waive certain annual encroachment assessments, to clarify the approval process for commemorative plaques, and to clarify the permitting, revocation, and restoration requirements for all minor encroachment permits; and affirming the Planning Department’s determination under the Cal",Aye,Land Use and Transportation Committee,Permitting Process and Bureaucratic Efficiency,"""Permitting Process and Bureaucratic Efficiency"", ""Aye"", ""Ordinance amending the Public Works Code to streamline and authorize the approval of certain neighborhood amenities, also known as Love Our Neighborhoods Projects, in sidewalks and other public right-of-ways within the Department of Public Works’ jurisdiction, to reduce fees for certain minor encroachment permits, to waive certain annual encroachment assessments, to clarify the approval process for commemorative plaques, and to clarify the permitting, revocation, and restoration requirements for all minor encroachment permits; and affirming the Planning Department’s determination under the Cal""",0.8,,,,0.8,
6,Myrna_Melgar,6,230446.0,2023-10-30,"Ordinance amending the Planning Code to encourage housing production by 1) exempting, under certain conditions, specified housing projects from the notice and review procedures of Section 311 and the Conditional Use requirement of Section 317, in areas outside of Priority Equity Geographies, which are identified in the Housing Element as areas or neighborhoods with a high density of vulnerable populations, and areas outside RH (Residential House) Districts within the Family Housing Opportunity Special Use District; 2) removing the Conditional Use requirement for several types of housing projec",Aye,Land Use and Transportation Committee,Affordable Housing Development,"""Affordable Housing Development"", ""Aye"", ""Ordinance amending the Planning Code to encourage housing production by 1) exempting, under certain conditions, specified housing projects from the notice and review procedures of Section 311 and the Conditional Use requirement of Section 317, in areas outside of Priority Equity Geographies, which are identified in the Housing Element as areas or neighborhoods with a high density of vulnerable populations, and areas outside RH (Residential House) Districts within the Family Housing Opportunity Special Use District; 2) removing the Conditional Use requirement for several types of housing projec""",0.8,0.8,,,,
7,Myrna_Melgar,7,231142.0,2023-10-30,"Ordinance amending the Planning Code to encourage housing production by (1) exempting, under certain conditions, specified housing projects from the notice and review procedures of Section 311 and the Conditional Use requirement of Section 317, in areas outside of Priority Equity Geographies, which are identified in the Housing Element as areas or neighborhoods with a high density of vulnerable populations, and areas outside RH (Residential House) Districts within the Family Housing Opportunity Special Use District; (2) removing the Conditional Use requirement for several types of housing proj",Aye,Land Use and Transportation Committee,Affordable Housing Development,"""Affordable Housing Development"", ""Aye"", ""Ordinance amending the Planning Code to encourage housing production by (1) exempting, under certain conditions, specified housing projects from the notice and review procedures of Section 311 and the Conditional Use requirement of Section 317, in areas outside of Priority Equity Geographies, which are identified in the Housing Element as areas or neighborhoods with a high density of vulnerable populations, and areas outside RH (Residential House) Districts within the Family Housing Opportunity Special Use District; (2) removing the Conditional Use requirement for several types of housing proj""",0.8,0.8,,,,
8,Myrna_Melgar,8,231142.0,2023-10-30,"Ordinance amending the Planning Code to encourage housing production by (1) exempting, under certain conditions, specified housing projects from the notice and review procedures of Section 311 and the Conditional Use requirement of Section 317, in areas outside of Priority Equity Geographies, which are identified in the Housing Element as areas or neighborhoods with a high density of vulnerable populations, and areas outside RH (Residential House) Districts within the Family Housing Opportunity Special Use District; (2) removing the Conditional Use requirement for several types of housing proj",Aye,Land Use and Transportation Committee,Affordable Housing Development,"""Affordable Housing Development"", ""Aye"", ""Ordinance amending the Planning Code to encourage housing production by (1) exempting, under certain conditions, specified housing projects from the notice and review procedures of Section 311 and the Conditional Use requirement of Section 317, in areas outside of Priority Equity Geographies, which are identified in the Housing Element as areas or neighborhoods with a high density of vulnerable populations, and areas outside RH (Residential House) Districts within the Family Housing Opportunity Special Use District; (2) removing the Conditional Use requirement for several types of housing proj""",0.8,0.8,,,,
9,Myrna_Melgar,9,220709.0,2023-10-23,"Ordinance amending the Planning Code to change the zoning controls in the Castro Street Neighborhood Commercial District to exclude Article 10 Landmark buildings from use size limitation and allow Nighttime Entertainment with a Conditional Use authorization on the second floor; affirming the Planning Department’s determination under the California Environmental Quality Act; and making findings of consistency with the General Plan and the eight priority policies of Planning Code, Section 101.1, and findings of public necessity, convenience, and welfare under Planning Code, Section 302.",Aye,Land Use and Transportation Committee,Land Use and Zoning Reforms,"""Land Use and Zoning Reforms"", ""Aye"", ""Ordinance amending the Planning Code to change the zoning controls in the Castro Street Neighborhood Commercial District to exclude Article 10 Landmark buildings from use size limitation and allow Nighttime Entertainment with a Conditional Use authorization on the second floor; affirming the Planning Department’s determination under the California Environmental Quality Act; and making findings of consistency with the General Plan and the eight priority policies of Planning Code, Section 101.1, and findings of public necessity, convenience, and welfare under Planning Code, Section 302.""",0.6,,,,,0.6
