name,ID,File #,Action Date,Title,Vote,Meeting Body,month,year,category,summary,scorer_field,affordable_housing_development_score,tenant_protections_score,homelessness_and_supportive_housing_score,faster_permitting_process_and_bureaucracy_score,land_use_and_zoning_reform_score
Rafael_Mandelman,20905,230446.0,2023-10-30,"Ordinance amending the Planning Code to encourage housing production by 1) exempting, under certain conditions, specified housing projects from the notice and review procedures of Section 311 and the Conditional Use requirement of Section 317, in areas outside of Priority Equity Geographies, which are identified in the Housing Element as areas or neighborhoods with a high density of vulnerable populations, and areas outside RH (Residential House) Districts within the Family Housing Opportunity Special Use District; 2) removing the Conditional Use requirement for several types of housing projec",Aye,Land Use and Transportation Committee,10,2023,Affordable Housing Development,"SF ordinance to streamline housing production outside priority areas, removing Conditional Use requirements for specified projects.","""Affordable Housing Development"", ""Aye"", ""Ordinance amending the Planning Code to encourage housing production by 1) exempting, under certain conditions, specified housing projects from the notice and review procedures of Section 311 and the Conditional Use requirement of Section 317, in areas outside of Priority Equity Geographies, which are identified in the Housing Element as areas or neighborhoods with a high density of vulnerable populations, and areas outside RH (Residential House) Districts within the Family Housing Opportunity Special Use District; 2) removing the Conditional Use requirement for several types of housing projec""",0.8,0.0,0.0,0.0,0.0
Rafael_Mandelman,20906,231142.0,2023-10-30,"Ordinance amending the Planning Code to encourage housing production by (1) exempting, under certain conditions, specified housing projects from the notice and review procedures of Section 311 and the Conditional Use requirement of Section 317, in areas outside of Priority Equity Geographies, which are identified in the Housing Element as areas or neighborhoods with a high density of vulnerable populations, and areas outside RH (Residential House) Districts within the Family Housing Opportunity Special Use District; (2) removing the Conditional Use requirement for several types of housing proj",Aye,Land Use and Transportation Committee,10,2023,Affordable Housing Development,"SF ordinance to streamline housing projects outside priority areas, removing Conditional Use requirements for specified housing projects.","""Affordable Housing Development"", ""Aye"", ""Ordinance amending the Planning Code to encourage housing production by (1) exempting, under certain conditions, specified housing projects from the notice and review procedures of Section 311 and the Conditional Use requirement of Section 317, in areas outside of Priority Equity Geographies, which are identified in the Housing Element as areas or neighborhoods with a high density of vulnerable populations, and areas outside RH (Residential House) Districts within the Family Housing Opportunity Special Use District; (2) removing the Conditional Use requirement for several types of housing proj""",0.8,0.0,0.0,0.0,0.0
Rafael_Mandelman,20907,231142.0,2023-10-30,"Ordinance amending the Planning Code to encourage housing production by (1) exempting, under certain conditions, specified housing projects from the notice and review procedures of Section 311 and the Conditional Use requirement of Section 317, in areas outside of Priority Equity Geographies, which are identified in the Housing Element as areas or neighborhoods with a high density of vulnerable populations, and areas outside RH (Residential House) Districts within the Family Housing Opportunity Special Use District; (2) removing the Conditional Use requirement for several types of housing proj",Aye,Land Use and Transportation Committee,10,2023,Affordable Housing Development,"SF ordinance to streamline housing projects outside priority areas, removing Conditional Use requirements for specified housing projects.","""Affordable Housing Development"", ""Aye"", ""Ordinance amending the Planning Code to encourage housing production by (1) exempting, under certain conditions, specified housing projects from the notice and review procedures of Section 311 and the Conditional Use requirement of Section 317, in areas outside of Priority Equity Geographies, which are identified in the Housing Element as areas or neighborhoods with a high density of vulnerable populations, and areas outside RH (Residential House) Districts within the Family Housing Opportunity Special Use District; (2) removing the Conditional Use requirement for several types of housing proj""",0.8,0.0,0.0,0.0,0.0
Rafael_Mandelman,20931,230929.0,2023-10-13,"Resolution retroactively authorizing the Department of Public Health to accept and expend a grant in the amount of $100,000 from the Purchaser Business Group on Health for participation in a program, entitled “CalHIVE Behavioral Health Integration (BHI) Improvement Collaborative,” for the period of July 1, 2023, through January 31, 2027.",Aye,Homelessness and Behavioral Health Select Committee,10,2023,Non-Housing/NaN,"SF authorizes $100,000 grant for CalHIVE BHI Improvement Collaborative in Public Health Dept. for 2023-2027.","""Non-Housing/NaN"", ""Aye"", ""Resolution retroactively authorizing the Department of Public Health to accept and expend a grant in the amount of $100,000 from the Purchaser Business Group on Health for participation in a program, entitled “CalHIVE Behavioral Health Integration (BHI) Improvement Collaborative,” for the period of July 1, 2023, through January 31, 2027.""",0.0,0.0,0.0,0.0,0.0
Rafael_Mandelman,20932,230990.0,2023-10-13,"Resolution approving the third amendment to the grant agreement between Episcopal Community Services and the Department of Homelessness and Supportive Housing (“HSH”) for services at the Cova Non-Congregate Shelter; extending the grant term by 10 months from November 1, 2023, for a total term of December 18, 2021, through August 31, 2024; increasing the agreement amount by $5,150,877 for a total amount not to exceed $15,091,353; and authorizing HSH to enter into any additions, amendments, or other modifications to the agreement that do not materially increase the obligations or liabilities, or",Aye,Homelessness and Behavioral Health Select Committee,10,2023,Homelessness and Supportive Housing,"SF extends Episcopal Community Services grant for Cova Shelter, adding $5.15M, term to Aug 2024, for total $15.09M.","""Homelessness and Supportive Housing"", ""Aye"", ""Resolution approving the third amendment to the grant agreement between Episcopal Community Services and the Department of Homelessness and Supportive Housing (“HSH”) for services at the Cova Non-Congregate Shelter; extending the grant term by 10 months from November 1, 2023, for a total term of December 18, 2021, through August 31, 2024; increasing the agreement amount by $5,150,877 for a total amount not to exceed $15,091,353; and authorizing HSH to enter into any additions, amendments, or other modifications to the agreement that do not materially increase the obligations or liabilities, or""",0.0,0.0,0.8,0.0,0.0
Rafael_Mandelman,20933,230991.0,2023-10-13,"Resolution approving the third amendment to the grant agreement between Episcopal Community Services and the Department of Homelessness and Supportive Housing (“HSH”) for property management and supportive services at the Henry Hotel, a permanent supportive housing site; extending the grant term by 20 months from October 31, 2023, for a total term of July 1, 2019, through June 30, 2025; increasing the agreement amount by $4,853,433 for a total amount not to exceed $14,591,945; and authorizing HSH to enter into any additions, amendments, or other modifications to the agreement that do not mater",Aye,Homelessness and Behavioral Health Select Committee,10,2023,Homelessness and Supportive Housing,SF approves extension & funding increase for Henry Hotel supportive housing services by Episcopal Community Services.,"""Homelessness and Supportive Housing"", ""Aye"", ""Resolution approving the third amendment to the grant agreement between Episcopal Community Services and the Department of Homelessness and Supportive Housing (“HSH”) for property management and supportive services at the Henry Hotel, a permanent supportive housing site; extending the grant term by 20 months from October 31, 2023, for a total term of July 1, 2019, through June 30, 2025; increasing the agreement amount by $4,853,433 for a total amount not to exceed $14,591,945; and authorizing HSH to enter into any additions, amendments, or other modifications to the agreement that do not mater""",0.0,0.0,0.8,0.0,0.0
Rafael_Mandelman,20934,230992.0,2023-10-13,"Resolution approving the first amendment to the grant agreement between Episcopal Community Services and the Department of Homelessness and Supportive Housing (“HSH”) for property management and supportive services at five permanent supportive housing buildings; extending the grant term by 16 months from February 29, 2024, for a total term of January 1, 2021, through June 30, 2025; increasing the agreement amount by $20,829,789 for a total amount not to exceed $47,159,399; and authorizing HSH to enter into any additions, amendments, or other modifications to the agreement that do not materiall",Aye,Homelessness and Behavioral Health Select Committee,10,2023,Homelessness and Supportive Housing,"SF extends grant for property management and services at supportive housing buildings, increasing total amount to $47M.","""Homelessness and Supportive Housing"", ""Aye"", ""Resolution approving the first amendment to the grant agreement between Episcopal Community Services and the Department of Homelessness and Supportive Housing (“HSH”) for property management and supportive services at five permanent supportive housing buildings; extending the grant term by 16 months from February 29, 2024, for a total term of January 1, 2021, through June 30, 2025; increasing the agreement amount by $20,829,789 for a total amount not to exceed $47,159,399; and authorizing HSH to enter into any additions, amendments, or other modifications to the agreement that do not materiall""",0.0,0.0,0.8,0.0,0.0
Rafael_Mandelman,20935,231010.0,2023-10-13,"Resolution authorizing the Office of the Mayor and the Department of Homelessness and Supportive Housing to solicit donations from various private entities and organizations to support the expansion of temporary shelter and other homeless services to support people experiencing homelessness, notwithstanding the Behested Payment Ordinance.",Aye,Homelessness and Behavioral Health Select Committee,10,2023,Homelessness and Supportive Housing,"SF resolution allows Mayor's Office to seek donations for homeless services expansion, bypassing payment ordinance.","""Homelessness and Supportive Housing"", ""Aye"", ""Resolution authorizing the Office of the Mayor and the Department of Homelessness and Supportive Housing to solicit donations from various private entities and organizations to support the expansion of temporary shelter and other homeless services to support people experiencing homelessness, notwithstanding the Behested Payment Ordinance.""",0.0,0.0,0.5,0.0,0.0
Rafael_Mandelman,20958,230974.0,2023-09-29,"Resolution authorizing and approving the Director of Property, on behalf of the Department of Homelessness and Supportive Housing, to negotiate and enter into a sublease agreement for 312,000 square feet of property owned by the California State Lands Commission and leased to the California Department of Parks and Recreation, for the City’s continued use as the Bayview Vehicle Triage Center at Candlestick Point State Recreation Area, for a term of two years commencing on or about January 13, 2024, through January 12, 2026, for a base rent of $312,000 per year; authorizing the Director of Prope",Aye,Homelessness and Behavioral Health Select Committee,9,2023,Homelessness and Supportive Housing,"Authorize sublease for Bayview Vehicle Triage Center at Candlestick Point State Recreation Area for 2 years at $312,000/year.","""Homelessness and Supportive Housing"", ""Aye"", ""Resolution authorizing and approving the Director of Property, on behalf of the Department of Homelessness and Supportive Housing, to negotiate and enter into a sublease agreement for 312,000 square feet of property owned by the California State Lands Commission and leased to the California Department of Parks and Recreation, for the City’s continued use as the Bayview Vehicle Triage Center at Candlestick Point State Recreation Area, for a term of two years commencing on or about January 13, 2024, through January 12, 2026, for a base rent of $312,000 per year; authorizing the Director of Prope""",0.0,0.0,0.6,0.0,0.0
Rafael_Mandelman,20959,230519.0,2023-09-29,"Hearing on the Department of Homelessness and Supportive Housing's Strategic Plan, to understand how the department prepares its approach to homelessness as far as available beds in the system whether permanent or temporary, the number of available openings on the waitlist for each program, how the department maintains its coordinated entry system with the number of individuals awaiting for housing and those who do not qualify for housing, and how the impact of the strategic plan's implementation will have on street conditions over the next five years; and requesting the Department of Homeless",Aye,Homelessness and Behavioral Health Select Committee,9,2023,Homelessness and Supportive Housing,"SF hearing on Homelessness Dept's Strategic Plan: beds, waitlist, entry system, housing impact, street conditions in 5 years.","""Homelessness and Supportive Housing"", ""Aye"", ""Hearing on the Department of Homelessness and Supportive Housing's Strategic Plan, to understand how the department prepares its approach to homelessness as far as available beds in the system whether permanent or temporary, the number of available openings on the waitlist for each program, how the department maintains its coordinated entry system with the number of individuals awaiting for housing and those who do not qualify for housing, and how the impact of the strategic plan's implementation will have on street conditions over the next five years; and requesting the Department of Homeless""",0.0,0.0,0.8,0.0,0.0
Rafael_Mandelman,20960,230079.0,2023-09-29,"Hearing on plans to implement the Community Assistance, Recovery, and Empowerment (CARE) Court by October 1, 2023; and requesting the Department of Public Health, Superior Court, and Department of Homelessness and Supportive Housing to present.",Aye,Homelessness and Behavioral Health Select Committee,9,2023,Homelessness and Supportive Housing,"SF plans CARE Court implementation by Oct 1, 2023; involves Public Health, Superior Court, Homelessness Dept.","""Homelessness and Supportive Housing"", ""Aye"", ""Hearing on plans to implement the Community Assistance, Recovery, and Empowerment (CARE) Court by October 1, 2023; and requesting the Department of Public Health, Superior Court, and Department of Homelessness and Supportive Housing to present.""",0.0,0.0,0.5,0.0,0.0
Rafael_Mandelman,20973,230926.0,2023-09-22,"Resolution approving the 2023 grant application for the United States Department of Housing and Urban Development Continuum of Care Program in an amount not to exceed $60,849,039; and fulfilling the Board of Supervisors review and approval process for all annual or otherwise recurring grants of $5,000,000 or more.",Aye,Homelessness and Behavioral Health Select Committee,9,2023,Homelessness and Supportive Housing,"SF approves $60.8M HUD grant for Continuum of Care Program, adhering to grant approval process for large grants.","""Homelessness and Supportive Housing"", ""Aye"", ""Resolution approving the 2023 grant application for the United States Department of Housing and Urban Development Continuum of Care Program in an amount not to exceed $60,849,039; and fulfilling the Board of Supervisors review and approval process for all annual or otherwise recurring grants of $5,000,000 or more.""",0.0,0.0,0.8,0.0,0.0
Rafael_Mandelman,20974,230928.0,2023-09-22,"Resolution 1) approving and authorizing the Director of Property, on behalf of the Department of Homelessness and Supportive Housing, to acquire certain property located at 42 Otis Street (“Property”) for $14,200,000 plus an estimated $40,000 for typical closing costs, for a total anticipated amount of $14,240,000; 2) approving and authorizing an Agreement of Purchase and Sale for Real Estate for the acquisition of the Property from Costanoan LLC (“Purchase Agreement”), which includes a liquidated damages clause of up to $420,000 in case of default by the City; 3) authorizing the Director of P",Aye,Homelessness and Behavioral Health Select Committee,9,2023,Homelessness and Supportive Housing,"SF approves $14.2M property acquisition for homelessness support, with liquidated damages clause up to $420K.","""Homelessness and Supportive Housing"", ""Aye"", ""Resolution 1) approving and authorizing the Director of Property, on behalf of the Department of Homelessness and Supportive Housing, to acquire certain property located at 42 Otis Street (“Property”) for $14,200,000 plus an estimated $40,000 for typical closing costs, for a total anticipated amount of $14,240,000; 2) approving and authorizing an Agreement of Purchase and Sale for Real Estate for the acquisition of the Property from Costanoan LLC (“Purchase Agreement”), which includes a liquidated damages clause of up to $420,000 in case of default by the City; 3) authorizing the Director of P""",0.0,0.0,0.8,0.0,0.0
Rafael_Mandelman,20975,230927.0,2023-09-22,"Resolution approving and authorizing a Loan Agreement with 440 Geary LLC in an amount not to exceed $47,390,000 for a minimum loan term of 55 years (“Loan Agreement”) to provide permanent financing for a 122-unit single-room occupancy residential building consisting of 121 units of permanent supportive housing to homeless households, one manager unit, and two ancillary ground floor commercial units (the “Project”) located at 440 Geary Street, adopting findings that the Project and proposed transactions are consistent with the General Plan, and the eight priority policies of Planning Code, Sect",Aye,Homelessness and Behavioral Health Select Committee,9,2023,Homelessness and Supportive Housing,SF approves $47.39M loan for 122-unit supportive housing at 440 Geary St. with commercial units.,"""Homelessness and Supportive Housing"", ""Aye"", ""Resolution approving and authorizing a Loan Agreement with 440 Geary LLC in an amount not to exceed $47,390,000 for a minimum loan term of 55 years (“Loan Agreement”) to provide permanent financing for a 122-unit single-room occupancy residential building consisting of 121 units of permanent supportive housing to homeless households, one manager unit, and two ancillary ground floor commercial units (the “Project”) located at 440 Geary Street, adopting findings that the Project and proposed transactions are consistent with the General Plan, and the eight priority policies of Planning Code, Sect""",0.0,0.0,0.8,0.0,0.0
Rafael_Mandelman,21041,230869.0,2023-09-08,"Resolution approving the third amendment to the grant agreement between the Homeless Prenatal Program and the Department of Homelessness and Supportive Housing (“HSH”) for homelessness prevention assistance; extending the grant term by 45 months for a total term of July 1, 2018, through June 30, 2027; increasing the agreement amount by $13,561,035 for a total amount not to exceed $23,461,035; and authorizing HSH to enter into any additions, amendments, or other modifications to the agreement that do not materially increase the obligations or liabilities, or materially decrease the benefits to",Aye,Homelessness and Behavioral Health Select Committee,9,2023,Homelessness and Supportive Housing,"SF extends Homeless Prenatal Program grant, adding $13.5M, term to 2027, for homelessness prevention assistance.","""Homelessness and Supportive Housing"", ""Aye"", ""Resolution approving the third amendment to the grant agreement between the Homeless Prenatal Program and the Department of Homelessness and Supportive Housing (“HSH”) for homelessness prevention assistance; extending the grant term by 45 months for a total term of July 1, 2018, through June 30, 2027; increasing the agreement amount by $13,561,035 for a total amount not to exceed $23,461,035; and authorizing HSH to enter into any additions, amendments, or other modifications to the agreement that do not materially increase the obligations or liabilities, or materially decrease the benefits to""",0.0,0.0,0.7,0.0,0.0
Rafael_Mandelman,21042,230870.0,2023-09-08,"Resolution approving the first amendment to the grant agreement between Brilliant Corners and the Department of Homelessness and Supportive Housing (“HSH”) for housing location and rental assistance for young adults in rapid re-housing; extending the grant term by 24 months from June 30, 2024, for a total term of July 1, 2021, through June 30, 2026; increasing the agreement amount by $17,409,402 for a total amount not to exceed $27,309,402; and authorizing HSH to enter into any additions, amendments, or other modifications to the agreement/contract that do not materially increase the obligatio",Aye,Homelessness and Behavioral Health Select Committee,9,2023,Homelessness and Supportive Housing,"SF extends Brilliant Corners grant for youth housing assistance, adding $17.4M, term to June 2026.","""Homelessness and Supportive Housing"", ""Aye"", ""Resolution approving the first amendment to the grant agreement between Brilliant Corners and the Department of Homelessness and Supportive Housing (“HSH”) for housing location and rental assistance for young adults in rapid re-housing; extending the grant term by 24 months from June 30, 2024, for a total term of July 1, 2021, through June 30, 2026; increasing the agreement amount by $17,409,402 for a total amount not to exceed $27,309,402; and authorizing HSH to enter into any additions, amendments, or other modifications to the agreement/contract that do not materially increase the obligatio""",0.0,0.0,0.8,0.0,0.0
Rafael_Mandelman,21043,230871.0,2023-09-08,"Resolution approving the second amendment to the grant agreement between the Tenderloin Housing Clinic, Inc. and the Department of Homelessness and Supportive Housing (“HSH”) for master lease stewardship, property management, and support services at 16 permanent supportive housing sites; extending the grant term by 24 months for a total term of July 1, 2020, through June 30, 2026; increasing the agreement amount by $108,753,662 for a total amount not to exceed $241,657,513; and authorizing HSH to enter into any additions, amendments, or other modifications to the agreement that do not material",Aye,Homelessness and Behavioral Health Select Committee,9,2023,Homelessness and Supportive Housing,"SF extends grant for housing services, adds $108M, extends term to 2026.","""Homelessness and Supportive Housing"", ""Aye"", ""Resolution approving the second amendment to the grant agreement between the Tenderloin Housing Clinic, Inc. and the Department of Homelessness and Supportive Housing (“HSH”) for master lease stewardship, property management, and support services at 16 permanent supportive housing sites; extending the grant term by 24 months for a total term of July 1, 2020, through June 30, 2026; increasing the agreement amount by $108,753,662 for a total amount not to exceed $241,657,513; and authorizing HSH to enter into any additions, amendments, or other modifications to the agreement that do not material""",0.0,0.0,0.8,0.0,0.0
Rafael_Mandelman,21044,230872.0,2023-09-08,"Resolution approving the second amendment to the grant agreement between Five Keys Schools and Programs and the Department of Homelessness and Supportive Housing (“HSH”) for shelter and support services at the Bayshore Navigation Center; extending the grant term by 33 months for a total term of January 1, 2021, through June 30, 2026; increasing the agreement amount by $15,155,893 for a total amount not to exceed $25,071,113; and authorizing HSH to enter into any additions, amendments, or other modifications to the agreement that do not materially increase the obligations or liabilities, or mat",Aye,Homelessness and Behavioral Health Select Committee,9,2023,Homelessness and Supportive Housing,"SF extends grant for Bayshore Navigation Center, adding $15M+ for shelter and support services until June 2026.","""Homelessness and Supportive Housing"", ""Aye"", ""Resolution approving the second amendment to the grant agreement between Five Keys Schools and Programs and the Department of Homelessness and Supportive Housing (“HSH”) for shelter and support services at the Bayshore Navigation Center; extending the grant term by 33 months for a total term of January 1, 2021, through June 30, 2026; increasing the agreement amount by $15,155,893 for a total amount not to exceed $25,071,113; and authorizing HSH to enter into any additions, amendments, or other modifications to the agreement that do not materially increase the obligations or liabilities, or mat""",0.0,0.0,0.8,0.0,0.0
Rafael_Mandelman,21071,230548.0,2023-07-28,"Hearing on Department of Public Health's Behavioral Health Services case management system; specifically examining how many behavioral health and substance use case managers are in the system, their work location, the process for providing case management at varying levels of need, frequency of case managers interacting with their clients, the caseload of case managers at every level of care, and the number of funded but vacant case manager positions exist in the entire system of care; and requesting Department of Public Health's Behavioral Health Services to report.",Aye,Homelessness and Behavioral Health Select Committee,7,2023,Non-Housing,"SF hearing on Behavioral Health Services case management system, focusing on staff numbers, locations, client interactions, and vacant positions.","""Non-Housing"", ""Aye"", ""Hearing on Department of Public Health's Behavioral Health Services case management system; specifically examining how many behavioral health and substance use case managers are in the system, their work location, the process for providing case management at varying levels of need, frequency of case managers interacting with their clients, the caseload of case managers at every level of care, and the number of funded but vacant case manager positions exist in the entire system of care; and requesting Department of Public Health's Behavioral Health Services to report.""",0.0,0.0,0.0,0.0,0.0
Rafael_Mandelman,21182,230741.0,2023-07-14,"Resolution approving and authorizing the Department of Homelessness and Supportive Housing to apply to the California Department of Housing and Community Development for a Homekey Grant for the property located at 42 Otis Street in an amount not to exceed $9,409,600 on behalf of the City and County of San Francisco.",Aye,Homelessness and Behavioral Health Select Committee,7,2023,Homelessness and Supportive Housing,SF approves Homekey Grant application for $9.4M at 42 Otis Street for homeless housing.,"""Homelessness and Supportive Housing"", ""Aye"", ""Resolution approving and authorizing the Department of Homelessness and Supportive Housing to apply to the California Department of Housing and Community Development for a Homekey Grant for the property located at 42 Otis Street in an amount not to exceed $9,409,600 on behalf of the City and County of San Francisco.""",0.0,0.0,0.8,0.0,0.0
Rafael_Mandelman,21183,230740.0,2023-07-14,"Resolution 1) approving and authorizing the Director of Property, on behalf of the Department of Homelessness and Supportive Housing (“HSH”), to acquire certain property located at 1174-1178 Folsom Street and 663 Clementina Street (“Property”) for $27,150,000 plus an estimated $75,000 for typical closing costs, for a total anticipated amount of $27,225,000; 2) approving and authorizing an Agreement of Purchase and Sale for Real Estate for the acquisition of the Property from Greenseed Folsom Land LLC (“Purchase Agreement”), which includes a liquidated damages clause of up to $2,700,000 in case",Aye,Homelessness and Behavioral Health Select Committee,7,2023,Homelessness and Supportive Housing,SF approves $27.2M property acquisition for homelessness support.,"""Homelessness and Supportive Housing"", ""Aye"", ""Resolution 1) approving and authorizing the Director of Property, on behalf of the Department of Homelessness and Supportive Housing (“HSH”), to acquire certain property located at 1174-1178 Folsom Street and 663 Clementina Street (“Property”) for $27,150,000 plus an estimated $75,000 for typical closing costs, for a total anticipated amount of $27,225,000; 2) approving and authorizing an Agreement of Purchase and Sale for Real Estate for the acquisition of the Property from Greenseed Folsom Land LLC (“Purchase Agreement”), which includes a liquidated damages clause of up to $2,700,000 in case""",0.0,0.0,0.8,0.0,0.0
Rafael_Mandelman,21184,230761.0,2023-07-14,"Ordinance authorizing the Department of Homelessness and Supportive Housing (HSH) to amend the booking agreement with the Sayana Corporation, operator of the Adante Hotel, to increase the not to exceed amount by $3,642,573 for a total amount not to exceed $18,499,439 and to extend the term of the agreement from August 31, 2023, for a new term of May 14, 2020, through August 31, 2024; waiving for said agreement certain requirements of the Administrative and Environment Codes; and authorizing HSH to enter into amendments that do not increase the obligations or liabilities to the City and are nec",Aye,Homelessness and Behavioral Health Select Committee,7,2023,Homelessness and Supportive Housing,"SF increases Adante Hotel agreement by $3.6M for homeless housing, extends term to 2024.","""Homelessness and Supportive Housing"", ""Aye"", ""Ordinance authorizing the Department of Homelessness and Supportive Housing (HSH) to amend the booking agreement with the Sayana Corporation, operator of the Adante Hotel, to increase the not to exceed amount by $3,642,573 for a total amount not to exceed $18,499,439 and to extend the term of the agreement from August 31, 2023, for a new term of May 14, 2020, through August 31, 2024; waiving for said agreement certain requirements of the Administrative and Environment Codes; and authorizing HSH to enter into amendments that do not increase the obligations or liabilities to the City and are nec""",0.0,0.0,0.6,0.0,0.0
Rafael_Mandelman,21185,230762.0,2023-07-14,"Ordinance authorizing the Department of Homelessness and Supportive Housing (HSH) to amend the booking agreement with the Lombard Hotel Group, operator of the Monarch Hotel to increase the not to exceed amount by $4,122,300 for a total amount not to exceed $19,127,760 and to extend the term of the agreement from August 31, 2023, for a new term of August 4, 2020, through August 31, 2024; waiving for said agreement certain requirements of the Administrative and Environment Codes; and authorizing HSH to enter into amendments that do not increase the obligations or liabilities to the City and are",Aye,Homelessness and Behavioral Health Select Committee,7,2023,Homelessness and Supportive Housing,"SF HSH to amend Monarch Hotel agreement, increase funding by $4.1M, extend term to 2024, waive certain requirements.","""Homelessness and Supportive Housing"", ""Aye"", ""Ordinance authorizing the Department of Homelessness and Supportive Housing (HSH) to amend the booking agreement with the Lombard Hotel Group, operator of the Monarch Hotel to increase the not to exceed amount by $4,122,300 for a total amount not to exceed $19,127,760 and to extend the term of the agreement from August 31, 2023, for a new term of August 4, 2020, through August 31, 2024; waiving for said agreement certain requirements of the Administrative and Environment Codes; and authorizing HSH to enter into amendments that do not increase the obligations or liabilities to the City and are""",0.0,0.0,0.8,0.0,0.0
Rafael_Mandelman,21186,230763.0,2023-07-14,"Ordinance authorizing the Department of Homelessness and Supportive Housing (HSH) to amend the booking agreement with Shin International, Inc., operator of the Cova Hotel to increase the not to exceed amount by $2,918,942 for a total amount not to exceed $14,304,253 and to extend the term of the agreement from August 31, 2023, for a new term of May 26, 2020, through August 31, 2024; waiving for said agreement certain requirements of the Administrative and Environment Codes; and authorizing HSH to enter into amendments that do not increase the obligations or liabilities to the City and are nece",Aye,Homelessness and Behavioral Health Select Committee,7,2023,Homelessness and Supportive Housing,"SF HSH to amend Cova Hotel agreement, increase amount by $2.9M, extend term to 2024, waive certain requirements.","""Homelessness and Supportive Housing"", ""Aye"", ""Ordinance authorizing the Department of Homelessness and Supportive Housing (HSH) to amend the booking agreement with Shin International, Inc., operator of the Cova Hotel to increase the not to exceed amount by $2,918,942 for a total amount not to exceed $14,304,253 and to extend the term of the agreement from August 31, 2023, for a new term of May 26, 2020, through August 31, 2024; waiving for said agreement certain requirements of the Administrative and Environment Codes; and authorizing HSH to enter into amendments that do not increase the obligations or liabilities to the City and are nece""",0.0,0.0,0.6,0.0,0.0
Rafael_Mandelman,21187,230772.0,2023-07-14,"Resolution approving the third amendment to the grant agreement between the Providence Foundation and the Department of Homelessness and Supportive Housing (“HSH”) for services and operations at the Oasis Family Shelter; extending the grant term by 107 months from July 31, 2023, for a total term of September 1, 2020, through June 30, 2032; increasing the agreement amount by $48,424,548 for a total amount not to exceed $58,345,438; and authorizing HSH to enter into any additions, amendments, or other modifications to the agreement that do not materially increase the obligations or liabilities,",Aye,Homelessness and Behavioral Health Select Committee,7,2023,Homelessness and Supportive Housing,"SF extends Providence Foundation grant for Oasis Family Shelter, adding $48M+ for services until 2032.","""Homelessness and Supportive Housing"", ""Aye"", ""Resolution approving the third amendment to the grant agreement between the Providence Foundation and the Department of Homelessness and Supportive Housing (“HSH”) for services and operations at the Oasis Family Shelter; extending the grant term by 107 months from July 31, 2023, for a total term of September 1, 2020, through June 30, 2032; increasing the agreement amount by $48,424,548 for a total amount not to exceed $58,345,438; and authorizing HSH to enter into any additions, amendments, or other modifications to the agreement that do not materially increase the obligations or liabilities,""",0.0,0.0,0.8,0.0,0.0
Rafael_Mandelman,21188,230771.0,2023-07-14,"Resolution retroactively approving an agreement between the Department of Homelessness and Supportive Housing (“HSH”) and the San Francisco Housing Authority for a term of 20 years from June 15, 2023, through June 14, 2043, with anticipated estimated revenue to the City of $50,000,000 or more for 50 United States Department of Housing and Urban Development Section 8 project-based vouchers at 333-12th Street for families exiting homelessness; and authorizing HSH to enter into additions, amendments or other modifications to the agreement that do not materially increase the obligations or liabili",Aye,Homelessness and Behavioral Health Select Committee,7,2023,Homelessness and Supportive Housing,"SF approves 20-year agreement with HSH for $50M+ revenue, 50 HUD vouchers at 333-12th Street for homeless families.","""Homelessness and Supportive Housing"", ""Aye"", ""Resolution retroactively approving an agreement between the Department of Homelessness and Supportive Housing (“HSH”) and the San Francisco Housing Authority for a term of 20 years from June 15, 2023, through June 14, 2043, with anticipated estimated revenue to the City of $50,000,000 or more for 50 United States Department of Housing and Urban Development Section 8 project-based vouchers at 333-12th Street for families exiting homelessness; and authorizing HSH to enter into additions, amendments or other modifications to the agreement that do not materially increase the obligations or liabili""",0.0,0.0,0.8,0.0,0.0
Rafael_Mandelman,21189,230740.0,2023-07-14,"Resolution 1) approving and authorizing the Director of Property, on behalf of the Department of Homelessness and Supportive Housing (“HSH”), to acquire certain property located at 1174-1178 Folsom Street and 663 Clementina Street (“Property”) for $27,150,000 plus an estimated $75,000 for typical closing costs, for a total anticipated amount of $27,225,000; 2) approving and authorizing an Agreement of Purchase and Sale for Real Estate for the acquisition of the Property from Greenseed Folsom Land LLC (“Purchase Agreement”), which includes a liquidated damages clause of up to $2,700,000 in case",Aye,Homelessness and Behavioral Health Select Committee,7,2023,Homelessness and Supportive Housing,SF approves $27.2M property acquisition for homelessness support.,"""Homelessness and Supportive Housing"", ""Aye"", ""Resolution 1) approving and authorizing the Director of Property, on behalf of the Department of Homelessness and Supportive Housing (“HSH”), to acquire certain property located at 1174-1178 Folsom Street and 663 Clementina Street (“Property”) for $27,150,000 plus an estimated $75,000 for typical closing costs, for a total anticipated amount of $27,225,000; 2) approving and authorizing an Agreement of Purchase and Sale for Real Estate for the acquisition of the Property from Greenseed Folsom Land LLC (“Purchase Agreement”), which includes a liquidated damages clause of up to $2,700,000 in case""",0.0,0.0,0.8,0.0,0.0
Rafael_Mandelman,21466,230485.0,2023-06-02,"Resolution approving the eighth amendment to the contract between Heluna Health and the Department of Homelessness and Supportive Housing (“HSH”) to provide comprehensive outreach and case management programming to meet the needs of people experiencing unsheltered homelessness in San Francisco through the San Francisco Homeless Outreach Team; extending the contract term by six months for a total term of August 1, 2014, through December 31, 2023; increasing the contract amount by $888,989 for a total amount not to exceed $52,708,056; and authorizing HSH to enter into any additions, amendments,",Aye,Homelessness and Behavioral Health Select Committee,6,2023,Homelessness and Supportive Housing,"SF extends Heluna Health contract for homeless outreach, case management, adding $888,989, total $52,708,056, until Dec 31, 2023.","""Homelessness and Supportive Housing"", ""Aye"", ""Resolution approving the eighth amendment to the contract between Heluna Health and the Department of Homelessness and Supportive Housing (“HSH”) to provide comprehensive outreach and case management programming to meet the needs of people experiencing unsheltered homelessness in San Francisco through the San Francisco Homeless Outreach Team; extending the contract term by six months for a total term of August 1, 2014, through December 31, 2023; increasing the contract amount by $888,989 for a total amount not to exceed $52,708,056; and authorizing HSH to enter into any additions, amendments,""",0.0,0.0,0.8,0.0,0.0
Rafael_Mandelman,21467,230485.0,2023-06-02,"Resolution approving the eighth amendment to the contract between Heluna Health and the Department of Homelessness and Supportive Housing (“HSH”) to provide comprehensive outreach and case management programming to meet the needs of people experiencing unsheltered homelessness in San Francisco through the San Francisco Homeless Outreach Team; extending the contract term by six months for a total term of August 1, 2014, through December 31, 2023; increasing the contract amount by $888,989 for a total amount not to exceed $52,708,056; and authorizing HSH to enter into any additions, amendments,",Aye,Homelessness and Behavioral Health Select Committee,6,2023,Homelessness and Supportive Housing,"SF extends Heluna Health contract for homeless outreach, case management, adding $888,989, total $52,708,056, until Dec 31, 2023.","""Homelessness and Supportive Housing"", ""Aye"", ""Resolution approving the eighth amendment to the contract between Heluna Health and the Department of Homelessness and Supportive Housing (“HSH”) to provide comprehensive outreach and case management programming to meet the needs of people experiencing unsheltered homelessness in San Francisco through the San Francisco Homeless Outreach Team; extending the contract term by six months for a total term of August 1, 2014, through December 31, 2023; increasing the contract amount by $888,989 for a total amount not to exceed $52,708,056; and authorizing HSH to enter into any additions, amendments,""",0.0,0.0,0.8,0.0,0.0
Rafael_Mandelman,21468,230510.0,2023-06-02,"Resolution approving the first amendment to the grant agreement between Hamilton Families and the Department of Homelessness and Supportive Housing (“HSH”) for shelter operations and services at the 260 Golden Gate Family Shelter; extending the grant term by 36 months from June 30, 2023, for a total term of July 1, 2020, through June 30, 2026; increasing the agreement amount by $11,198,031 for a total amount not to exceed $21,064,271; and authorizing HSH to enter into any additions, amendments, or other modifications to the agreement that do not materially increase the obligations or liabiliti",Aye,Homelessness and Behavioral Health Select Committee,6,2023,Homelessness and Supportive Housing,"SF extends Hamilton Families grant for shelter operations at 260 Golden Gate Family Shelter, increasing total amount to $21M.","""Homelessness and Supportive Housing"", ""Aye"", ""Resolution approving the first amendment to the grant agreement between Hamilton Families and the Department of Homelessness and Supportive Housing (“HSH”) for shelter operations and services at the 260 Golden Gate Family Shelter; extending the grant term by 36 months from June 30, 2023, for a total term of July 1, 2020, through June 30, 2026; increasing the agreement amount by $11,198,031 for a total amount not to exceed $21,064,271; and authorizing HSH to enter into any additions, amendments, or other modifications to the agreement that do not materially increase the obligations or liabiliti""",0.0,0.0,0.8,0.0,0.0
Rafael_Mandelman,21469,230511.0,2023-06-02,"Resolution approving the first amendment to the grant agreement between Eviction Defense Collaborative and the Department of Homelessness and Supportive Housing (“HSH”) for homelessness prevention assistance; extending the grant term by 36 months from June 30, 2023, for a total term of July 1, 2021, through June 30, 2026; increasing the agreement amount by $14,947,500 for a total amount not to exceed $24,792,066; and authorizing HSH to enter into any additions, amendments, or other modifications to the agreement that do not materially increase the obligations or liabilities, or materially decr",Aye,Homelessness and Behavioral Health Select Committee,6,2023,Homelessness and Supportive Housing,"SF extends Eviction Defense Collaborative grant, adds $14.9M for homelessness prevention assistance until June 2026.","""Homelessness and Supportive Housing"", ""Aye"", ""Resolution approving the first amendment to the grant agreement between Eviction Defense Collaborative and the Department of Homelessness and Supportive Housing (“HSH”) for homelessness prevention assistance; extending the grant term by 36 months from June 30, 2023, for a total term of July 1, 2021, through June 30, 2026; increasing the agreement amount by $14,947,500 for a total amount not to exceed $24,792,066; and authorizing HSH to enter into any additions, amendments, or other modifications to the agreement that do not materially increase the obligations or liabilities, or materially decr""",0.0,0.0,0.8,0.0,0.0
Rafael_Mandelman,21470,230452.0,2023-06-02,"Resolution approving the first amendment to the grant agreement between the Tenderloin Housing Clinic, Inc. and the Department of Homelessness and Supportive Housing (“HSH”) for supportive services, property management, and master leasing for 187 units of permanent supportive housing at the Crown, Winton, and National Hotels; extending the grant term by 36 months for a total term of July 1, 2021, through June 30, 2026; increasing the agreement amount by $24,336,248 for a total amount not to exceed $34,326,248; and authorizing HSH to enter into any additions, amendments, or other modifications",Aye,Homelessness and Behavioral Health Select Committee,6,2023,Homelessness and Supportive Housing,"SF extends grant for supportive housing services at Crown, Winton, and National Hotels, increasing total amount to $34.3M.","""Homelessness and Supportive Housing"", ""Aye"", ""Resolution approving the first amendment to the grant agreement between the Tenderloin Housing Clinic, Inc. and the Department of Homelessness and Supportive Housing (“HSH”) for supportive services, property management, and master leasing for 187 units of permanent supportive housing at the Crown, Winton, and National Hotels; extending the grant term by 36 months for a total term of July 1, 2021, through June 30, 2026; increasing the agreement amount by $24,336,248 for a total amount not to exceed $34,326,248; and authorizing HSH to enter into any additions, amendments, or other modifications""",0.0,0.0,0.8,0.0,0.0
Rafael_Mandelman,21471,230571.0,2023-06-02,"Resolution approving the second amendment to the grant agreement between Episcopal Community Services and the Department of Homelessness and Supportive Housing (“HSH”) for shelter services at Sanctuary Shelter; extending the grant term by 36 months from June 30, 2023, for a total term of July 1, 2021, through June 30, 2026; increasing the agreement amount by $17,123,980 for a total amount not to exceed $25,755,271; and authorizing HSH to enter into any additions, amendments, or other modifications to the agreement that do not materially increase the obligations or liabilities, or materially de",Aye,Homelessness and Behavioral Health Select Committee,6,2023,Homelessness and Supportive Housing,"SF extends grant for shelter services at Sanctuary Shelter, increasing amount by $17.1M for total of $25.8M until June 30, 2026.","""Homelessness and Supportive Housing"", ""Aye"", ""Resolution approving the second amendment to the grant agreement between Episcopal Community Services and the Department of Homelessness and Supportive Housing (“HSH”) for shelter services at Sanctuary Shelter; extending the grant term by 36 months from June 30, 2023, for a total term of July 1, 2021, through June 30, 2026; increasing the agreement amount by $17,123,980 for a total amount not to exceed $25,755,271; and authorizing HSH to enter into any additions, amendments, or other modifications to the agreement that do not materially increase the obligations or liabilities, or materially de""",0.0,0.0,0.8,0.0,0.0
Rafael_Mandelman,21472,230572.0,2023-06-02,"Resolution approving Amendment No. 3 to the agreement between Community Forward SF Inc. and the Department of Public Health, for Substance Use Disorder and Mental Health Services, to increase the agreement by $8,698,042 for a total amount not to exceed $22,298,042; to extend the term by two years from June 30, 2023, for a total agreement term of July 1, 2018, through June 30, 2025; and to authorize the Department of Public Health to enter into amendments or modifications to the contract prior to its final execution by all parties that do not materially increase the obligations or liabilities t",Aye,Homelessness and Behavioral Health Select Committee,6,2023,Homelessness and Supportive Housing,"""SF increases funding for mental health and substance use services agreement with Community Forward SF Inc.""","""Homelessness and Supportive Housing"", ""Aye"", ""Resolution approving Amendment No. 3 to the agreement between Community Forward SF Inc. and the Department of Public Health, for Substance Use Disorder and Mental Health Services, to increase the agreement by $8,698,042 for a total amount not to exceed $22,298,042; to extend the term by two years from June 30, 2023, for a total agreement term of July 1, 2018, through June 30, 2025; and to authorize the Department of Public Health to enter into amendments or modifications to the contract prior to its final execution by all parties that do not materially increase the obligations or liabilities t""",0.0,0.0,0.8,0.0,0.0
Rafael_Mandelman,21473,230476.0,2023-06-02,"Resolution approving Amendment No. 2 to the agreement between Conard House and the Department of Public Health (DPH) for behavioral health services to increase the agreement by $47,437,236 for total amount not to exceed $92,300,000; to extend the term by four years and six months from June 30, 2023, for a total agreement term of July 1, 2018, through December 31, 2027; and to authorize DPH to enter into amendments or modifications to the contract prior to its final execution by all parties that do not materially increase the obligations or liabilities to the City and are necessary to effectuat",Aye,Homelessness and Behavioral Health Select Committee,6,2023,Homelessness and Supportive Housing,"SF approves $47M+ increase for Conard House mental health services, extending term to 2027. Allows DPH contract modifications.","""Homelessness and Supportive Housing"", ""Aye"", ""Resolution approving Amendment No. 2 to the agreement between Conard House and the Department of Public Health (DPH) for behavioral health services to increase the agreement by $47,437,236 for total amount not to exceed $92,300,000; to extend the term by four years and six months from June 30, 2023, for a total agreement term of July 1, 2018, through December 31, 2027; and to authorize DPH to enter into amendments or modifications to the contract prior to its final execution by all parties that do not materially increase the obligations or liabilities to the City and are necessary to effectuat""",0.0,0.0,0.8,0.0,0.0
Rafael_Mandelman,21474,230476.0,2023-06-02,"Resolution approving Amendment No. 2 to the agreement between Conard House and the Department of Public Health (DPH) for behavioral health services to increase the agreement by $47,437,236 for total amount not to exceed $92,300,000; to extend the term by four years and six months from June 30, 2023, for a total agreement term of July 1, 2018, through December 31, 2027; and to authorize DPH to enter into amendments or modifications to the contract prior to its final execution by all parties that do not materially increase the obligations or liabilities to the City and are necessary to effectuat",Aye,Homelessness and Behavioral Health Select Committee,6,2023,Homelessness and Supportive Housing,"SF approves $47M increase for Conard House mental health services, extending agreement to 2027.","""Homelessness and Supportive Housing"", ""Aye"", ""Resolution approving Amendment No. 2 to the agreement between Conard House and the Department of Public Health (DPH) for behavioral health services to increase the agreement by $47,437,236 for total amount not to exceed $92,300,000; to extend the term by four years and six months from June 30, 2023, for a total agreement term of July 1, 2018, through December 31, 2027; and to authorize DPH to enter into amendments or modifications to the contract prior to its final execution by all parties that do not materially increase the obligations or liabilities to the City and are necessary to effectuat""",0.0,0.0,0.8,0.0,0.0
Rafael_Mandelman,21475,230477.0,2023-06-02,"Resolution approving Amendment No. 3 to the agreement between Bayview Hunters Point Foundation for Community Improvement and the Department of Public Health for behavioral health services to increase the agreement by $2,810,657 for an amount not to exceed $16,300,000; to extend the term by one year from June 30, 2023, to June 30, 2024, for a total agreement term of July 1, 2018, through June 30, 2025; and to authorize DPH to enter into amendments or modifications to the contract prior to its final execution by all parties that do not materially increase the obligations or liabilities to the Ci",Aye,Homelessness and Behavioral Health Select Committee,6,2023,Homelessness and Supportive Housing,"""SF increases mental health service funding by $2.8M, extends agreement to 2024.""","""Homelessness and Supportive Housing"", ""Aye"", ""Resolution approving Amendment No. 3 to the agreement between Bayview Hunters Point Foundation for Community Improvement and the Department of Public Health for behavioral health services to increase the agreement by $2,810,657 for an amount not to exceed $16,300,000; to extend the term by one year from June 30, 2023, to June 30, 2024, for a total agreement term of July 1, 2018, through June 30, 2025; and to authorize DPH to enter into amendments or modifications to the contract prior to its final execution by all parties that do not materially increase the obligations or liabilities to the Ci""",0.0,0.0,0.8,0.0,0.0
Rafael_Mandelman,21476,230478.0,2023-06-02,"Resolution approving Amendment No. 2 to the agreement between Bayview Hunters Point Foundation for Community Improvement and the Department of Public Health (DPH) for substance use disorder services to increase the agreement by $2,079,528 for a total amount not to exceed $11,600,000; to extend the term by one year from June 30, 2023, for a total agreement term of July 1, 2018, through June 30, 2024; and to authorize DPH to enter into amendments or modifications to the contract prior to its final execution by all parties that do not materially increase the obligations or liabilities to the City",Aye,Homelessness and Behavioral Health Select Committee,6,2023,Homelessness and Supportive Housing,"""SF increases funding for substance use disorder services by $2M, extends agreement with Bayview Hunters Point Foundation.""","""Homelessness and Supportive Housing"", ""Aye"", ""Resolution approving Amendment No. 2 to the agreement between Bayview Hunters Point Foundation for Community Improvement and the Department of Public Health (DPH) for substance use disorder services to increase the agreement by $2,079,528 for a total amount not to exceed $11,600,000; to extend the term by one year from June 30, 2023, for a total agreement term of July 1, 2018, through June 30, 2024; and to authorize DPH to enter into amendments or modifications to the contract prior to its final execution by all parties that do not materially increase the obligations or liabilities to the City""",0.0,0.0,0.6,0.0,0.0
Rafael_Mandelman,21477,230477.0,2023-06-02,"Resolution approving Amendment No. 3 to the agreement between Bayview Hunters Point Foundation for Community Improvement and the Department of Public Health for behavioral health services to increase the agreement by $2,810,657 for an amount not to exceed $16,300,000; to extend the term by one year from June 30, 2023, to June 30, 2024, for a total agreement term of July 1, 2018, through June 30, 2025; and to authorize DPH to enter into amendments or modifications to the contract prior to its final execution by all parties that do not materially increase the obligations or liabilities to the Ci",Aye,Homelessness and Behavioral Health Select Committee,6,2023,Homelessness and Supportive Housing,"Increase in Bayview Hunters Point Foundation agreement for behavioral health services by $2.8M, extending term to 2024.","""Homelessness and Supportive Housing"", ""Aye"", ""Resolution approving Amendment No. 3 to the agreement between Bayview Hunters Point Foundation for Community Improvement and the Department of Public Health for behavioral health services to increase the agreement by $2,810,657 for an amount not to exceed $16,300,000; to extend the term by one year from June 30, 2023, to June 30, 2024, for a total agreement term of July 1, 2018, through June 30, 2025; and to authorize DPH to enter into amendments or modifications to the contract prior to its final execution by all parties that do not materially increase the obligations or liabilities to the Ci""",0.0,0.0,0.8,0.0,0.0
Rafael_Mandelman,21478,230478.0,2023-06-02,"Resolution approving Amendment No. 2 to the agreement between Bayview Hunters Point Foundation for Community Improvement and the Department of Public Health (DPH) for substance use disorder services to increase the agreement by $2,079,528 for a total amount not to exceed $11,600,000; to extend the term by one year from June 30, 2023, for a total agreement term of July 1, 2018, through June 30, 2024; and to authorize DPH to enter into amendments or modifications to the contract prior to its final execution by all parties that do not materially increase the obligations or liabilities to the City",Aye,Homelessness and Behavioral Health Select Committee,6,2023,Homelessness and Supportive Housing,"""SF increases funding for substance use disorder services by $2M, extends agreement with Bayview Hunters Point Foundation.""","""Homelessness and Supportive Housing"", ""Aye"", ""Resolution approving Amendment No. 2 to the agreement between Bayview Hunters Point Foundation for Community Improvement and the Department of Public Health (DPH) for substance use disorder services to increase the agreement by $2,079,528 for a total amount not to exceed $11,600,000; to extend the term by one year from June 30, 2023, for a total agreement term of July 1, 2018, through June 30, 2024; and to authorize DPH to enter into amendments or modifications to the contract prior to its final execution by all parties that do not materially increase the obligations or liabilities to the City""",0.0,0.0,0.6,0.0,0.0
Rafael_Mandelman,21479,230479.0,2023-06-02,"Resolution approving Amendment No. 3 to the agreement between Richmond Area Multi-Services, Inc. and the Department of Public Health (DPH) for behavioral health services for children, youth and families to increase the agreement by $5,134,256 for an amount not to exceed $30,900,000; to extend the term by three years from June 30, 2023, for a total agreement term of July 1, 2018, through June 30, 2026; and to authorize DPH to enter into amendments or modifications to the contract prior to its final execution by all parties that do not materially increase the obligations or liabilities to the Ci",Aye,Homelessness and Behavioral Health Select Committee,6,2023,Non-Housing/NaN,"""SF increases funding for youth behavioral health services by $5.1M.""","""Non-Housing/NaN"", ""Aye"", ""Resolution approving Amendment No. 3 to the agreement between Richmond Area Multi-Services, Inc. and the Department of Public Health (DPH) for behavioral health services for children, youth and families to increase the agreement by $5,134,256 for an amount not to exceed $30,900,000; to extend the term by three years from June 30, 2023, for a total agreement term of July 1, 2018, through June 30, 2026; and to authorize DPH to enter into amendments or modifications to the contract prior to its final execution by all parties that do not materially increase the obligations or liabilities to the Ci""",0.0,0.0,0.0,0.0,0.0
Rafael_Mandelman,21480,230479.0,2023-06-02,"Resolution approving Amendment No. 3 to the agreement between Richmond Area Multi-Services, Inc. and the Department of Public Health (DPH) for behavioral health services for children, youth and families to increase the agreement by $5,134,256 for an amount not to exceed $30,900,000; to extend the term by three years from June 30, 2023, for a total agreement term of July 1, 2018, through June 30, 2026; and to authorize DPH to enter into amendments or modifications to the contract prior to its final execution by all parties that do not materially increase the obligations or liabilities to the Ci",Aye,Homelessness and Behavioral Health Select Committee,6,2023,Non-Housing/NaN,"""SF increases funding for youth behavioral health services by $5.1M.""","""Non-Housing/NaN"", ""Aye"", ""Resolution approving Amendment No. 3 to the agreement between Richmond Area Multi-Services, Inc. and the Department of Public Health (DPH) for behavioral health services for children, youth and families to increase the agreement by $5,134,256 for an amount not to exceed $30,900,000; to extend the term by three years from June 30, 2023, for a total agreement term of July 1, 2018, through June 30, 2026; and to authorize DPH to enter into amendments or modifications to the contract prior to its final execution by all parties that do not materially increase the obligations or liabilities to the Ci""",0.0,0.0,0.0,0.0,0.0
